ID,תאריך הגשת הבקשה,מס' סימוכין,חברה,סוג  היתר,מספר האתר,ישוב,כתובת + תאור,סוג המוקד,X_ITM,Y_ITM,תחום שיפוט
1,14/11/2022,2063797,PHI (משרת את הוט ופרטנר),היתר הקמה,WE5988A,בן שמן,מערב בן שמן,קרקעי,192241,650702,חבל מודיעין
2,15/11/2022,2063823,PHI (משרת את הוט ופרטנר),היתר הקמה,WE6529D,תל אביב-יפו,תל אביב קרמניצקי,גג,180861,663820,תל אביב יפו
3,15/11/2022,2063508,PHI (משרת את הוט ופרטנר),היתר הקמה,NC4529D,דליה,סילו,קרקעי,207562,721797,דליה
4,15/11/2022,2063627,PHI (משרת את הוט ופרטנר),היתר הקמה,EA2039F,בית''ר עילית,נעם אלימלך פינת חפץ חיים,קרקעי,211173,622420,ביתר עילית
5,20/11/2022,2063888,פלאפון,היתר הקמה,830444,קרית גת,תחנת קמח רחוב כסלו.,משתפלות,179106,612508,קרית גת
6,21/11/2022,2063646,PHI (משרת את הוט ופרטנר),היתר הקמה,NC4489C,קרית אתא,מרכז שביט קרית אתא,גג,211117,746458,קרית אתא
7,21/11/2022,2063824,PHI (משרת את הוט ופרטנר),היתר הקמה,WI6338B,תל אביב-יפו,הקו האדום של הרכבת הקלה תל אביב- תחנות אליפלט אלנביהרצל,פנימי,180250,664205,תל אביב יפו
8,27/11/2022,2063978,PHI (משרת את הוט ופרטנר),היתר הקמה,WI6339C,תל אביב-יפו,הקו האדום של הרכבת הקלה תל אביב- תחנות יהודית קרליבך,פנימי,180250,664205,תל אביב יפו
9,27/11/2022,2063980,PHI (משרת את הוט ופרטנר),היתר הקמה,NN4474E,לוטם,לוטם לולים,קרקעי,233201,753834,משגב
10,30/11/2022,2064135,סלקום,היתר הקמה,22842,יהוד,עמוד תאורה בצומת יהוד,תורן קרקעי,188920,659382,יהוד מונוסון
11,12/1/2022,2064166,סלקום,היתר הקמה,22843,דרום השרון,עמוד תאורה בצומת סביון ליד תחנת דלק פז,תורן קרקעי,187582,660063,דרום השרון
12,12/11/2022,2064277,פלאפון,היתר הקמה,925032,באקה אל גרבייה,באקה מבנה קופת חולים כללית,עוקצים,204055,703061,באקה ג'ת
13,12/11/2022,2064275,פלאפון,היתר הקמה,644042,עכו,סמוך לצומת עכו מזרח,תורן קרקעי,209257,758375,עכו
14,17/12/2022,2064345,סלקום,היתר הקמה,23120,מודיעין,מרלוג שופרסל אמיגה רח`` הצמיחה 14 מודיעין,אתר זעיר פנימי,197934,647584,מודיעין מכבים רעות
15,18/12/2022,2064359,פלאפון,היתר הקמה,132859,מודיעין עלית,הצמיחה  15,פריסה פנימית,197934,647584,מודיעין מכבים רעות
16,21/12/2022,2064421,סלקום,היתר הקמה,22944,שוהם,בסמוך לכביש 453 דרומית לשוהם,תורן קרקעי,194392,654475,שוהם
17,27/12/2022,2064536,סלקום,היתר הקמה,23103,ירושלים,דיפו נווה יעקב רכבת קלה שדרות הרב פרדס פינת שדרות נוה יעקב ירושלים.,אתר זעיר פנימי,222902,638717,ירושלים
18,1/1/2023,2064589,PHI (משרת את הוט ופרטנר),היתר הקמה,TE0043L,יהוד,כביש 461 בכניסה לבית העלמין,קרקעי,190087,659240,יהוד מונוסון
19,1/2/2023,2064644,סלקום,היתר הקמה,23080,משגב,ליד לולים בקיבוץ לוטם,תורן קרקעי,233201,753834,משגב
20,1/3/2023,2064469,PHI (משרת את הוט ופרטנר),היתר הקמה,WE5978A,לוד,עיריית לוד,גג,190440,651313,לוד
21,1/4/2023,2064656,PHI (משרת את הוט ופרטנר),היתר הקמה,SO5973A,אליפז,אליפז על חדר תקשורת,גג,200878,412080,אליפז
22,1/4/2023,2064655,PHI (משרת את הוט ופרטנר),היתר הקמה,SO5683B,גרופית,גרופית על חדר האוכל,גג,205930,428174,גרופית
23,1/4/2023,2064659,PHI (משרת את הוט ופרטנר),היתר הקמה,WE5340D,מודיעין,גשר 180,קרקעי,197744,645127,מודיעין מכבים רעות
24,1/5/2023,2064697,סלקום,היתר הקמה,21582,קריית ארבע,היכל התרבות ברחוב מעלות חברון בקרית ארבע,תורן על הגג,211443,604042,קרית ארבע
25,1/5/2023,2064698,סלקום,היתר הקמה,22987,חריש,הגפן 78 מועצה מקומית חריש,תורן על הגג,204133,707230,קציר חריש
26,1/9/2023,2064693,PHI (משרת את הוט ופרטנר),היתר הקמה,WR8093B,מודיעין,מרכז לוגיסטי שופרסל אמיגה,פנימי,197599,647462,מודיעין מכבים רעות
27,1/11/2023,2064792,פלאפון,היתר הקמה,354223,רמת גן,בניין אשפוז בית חולים שיבא תל השומר,תורן על מבנה,185327,661467,רמת גן
28,15/01/2023,2064830,סלקום,היתר הקמה,22922,ירושלים,עמוד תאורה עירוני ליד מסוף אגד בירושלים,תורן קרקעי,218205,628375,ירושלים
29,16/01/2023,2064745,PHI (משרת את הוט ופרטנר),היתר הקמה,EA2090D,ירושלים,ראס אל עמוד,מתקן גישה,223525,630678,ירושלים
30,17/01/2023,2064849,PHI (משרת את הוט ופרטנר),היתר הקמה,SO5551B,מודיעין עילית,שער המלך,קרקעי,204191,648856,מודיעין עילית
31,17/01/2023,2064859,פלאפון,היתר הקמה,712653,נתיבות,מתחם   קבר הבאבא סאלי,עוקצים,160649,593315,נתיבות
32,18/01/2023,2064864,PHI (משרת את הוט ופרטנר),היתר הקמה,CW60036007,תל אביב-יפו,הבימה,קרקעי,179298,664455,תל אביב יפו
33,22/01/2023,2064909,פלאפון,היתר הקמה,750119,מ.א הערבה התיכונה,מגדל צינון באיזור חממות המחקר החקלאי במרכז ויידור חצבה,משתפלות,222895,520916,הערבה התיכונה
34,23/01/2023,2064951,סלקום,היתר הקמה,22198,קרית אתא,צפונית לכביש 22 דרומית לאיצטדיון אתלטיקה,תורן קרקעי,207530,746273,קרית אתא
35,25/01/2023,2064976,פלאפון,היתר הקמה,360694,ראשון לציון,רחבעם זאבי 1,פריסה פנימית,176814,655040,ראשון לציון
36,29/01/2023,2065043,פלאפון,היתר הקמה,820790,גדרה,ארבע אמהות,תורן קרקעי,180461,634927,גדרה
37,2/1/2023,2064899,PHI (משרת את הוט ופרטנר),היתר הקמה,COW6001,תל אביב,צומת בגין קפלן 2,קרקעי,180295,664276,תל אביב יפו
38,2/1/2023,2065167,פלאפון,היתר הקמה,344037,בני ברק,כביש 4 צומת גהה,תורן קרקעי,185572,665861,בני ברק
39,2/1/2023,2065094,PHI (משרת את הוט ופרטנר),היתר הקמה,WR8840B,תל אביב-יפו,מתחם גולף אקרו נדלן נאות אפקה,פנימי,183527,668997,תל אביב יפו
40,2/6/2023,2065142,פלאפון,היתר הקמה,321011,תל אביב יפו,קהילת סלוניקי,פריסה פנימית,183527,668997,תל אביב יפו
41,2/6/2023,2065147,פלאפון,היתר הקמה,820790,גדרה,ארבע אמהות,תורן קרקעי,180461,634927,גדרה
42,2/8/2023,2065205,פלאפון,היתר הקמה,711872,באר שבע,ביאליק 24 באר שבע קומה 10 דירה 59,עוקצים,180141,573752,באר שבע
43,13/02/2023,2065294,סלקום,היתר הקמה,23184,תל אביב - יפו,במתחם גולף אקרו נדלן רח`` קהילת סלוניקי 7 נאות אפקה תל אביב,אתר זעיר פנימי,183527,668997,תל אביב יפו
45,14/02/2023,2065311,סלקום,היתר הקמה,21800,אריאל,מסוף התחבורה בסמוך לתחנת משטרה באריאל,תורן קרקעי,220049,667624,אריאל
46,14/02/2023,2065315,סלקום,היתר הקמה,23152,חוף השרון,במתחם של  DATA CENTER  אנשי בראשית 1 בני ציון,אתר זעיר פנימי,176814,655040,ראשון לציון
47,15/02/2023,2065330,פלאפון,היתר הקמה,550418,ראש העין,תחנת שאיבה פסגות אפק ראש העין,תורן קרקעי,197500,665007,ראש העין
48,19/02/2023,2065390,סלקום,היתר הקמה,22771,מורדות הכרמל,בסמוך לבריכת מים ברחוב מעלה הנוף בטירת כרמל,תורן קרקעי,198130,741157,טירת כרמל
50,19/02/2023,2065365,פלאפון,היתר הקמה,654833,אום אל פחם,רח' העאמן,פריסה פנימית,214342,715577,אום אל פחם
51,21/02/2023,2065421,סלקום,היתר הקמה,23157,רחובות,פארק גב ים רח``  פייקס 5 רחובות,אתר זעיר פנימי,182118,646892,רחובות
52,22/02/2023,2065439,פלאפון,היתר הקמה,814202,רחובות,פייקס  5,פריסה פנימית,182118,646892,רחובות
53,22/02/2023,2065437,פלאפון,היתר הקמה,361001,בת ים,הרב ניסנבאום 37,פריסה פנימית,176725,657884,בת ים
54,23/02/2023,2065467,סלקום,היתר הקמה,23031,ירושלים,ברחוב גולומב פינת דרך קוליץ בירושלים,תורן קרקעי,217333,629330,ירושלים
55,23/02/2023,2065466,סלקום,היתר הקמה,5341,תל אביב,רובע לב העיר רח`` בלפור 8 תל אביב,אתר זעיר פנימי,178626,663859,תל אביב יפו
56,26/02/2023,2065542,פלאפון,היתר הקמה,824335,גדרה,משה ויהודית רוזנר  5,לא מוגדר,178546,634942,גדרה
57,26/02/2023,2065321,PHI (משרת את הוט ופרטנר),היתר הקמה,COW6003,תל אביב-יפו,הבימה,קרקעי,179298,664455,תל אביב יפו
58,27/02/2023,2065554,PHI (משרת את הוט ופרטנר),היתר הקמה,NE4968C,אחיטוב,אחיטוב,קרקעי,198913,698739,עמק חפר
59,27/02/2023,2065558,PHI (משרת את הוט ופרטנר),היתר הקמה,WE0944B,מודיעין,אולם ספורט מודיעין,גג,200210,645559,מודיעין מכבים רעות
60,28/02/2023,2065570,PHI (משרת את הוט ופרטנר),היתר הקמה,COW6001,תל אביב,צומת בגין קפלן 2,קרקעי,180295,664276,תל אביב יפו
61,3/5/2023,2065642,PHI (משרת את הוט ופרטנר),היתר הקמה,WR8839B,אור יהודה,טרמינל סנטר אור יהודה,פנימי,186903,658651,אור יהודה
62,3/7/2023,2065672,PHI (משרת את הוט ופרטנר),היתר הקמה,WR8008C,רמת גן,מגדל טיים טאוור חניונים,פנימי,181344,665527,רמת גן
63,3/7/2023,2065677,סלקום,היתר הקמה,23074,עכו,בית הסטודנט במכללת גליל מערבי דרך המכללה עכו,תורן על הגג,208392,760235,עכו
64,3/12/2023,2065699,סלקום,היתר הקמה,7300,תל אביב- יפו,חניון סמולרשן רח`` ג``ורג`` ויז  תל אביב,אתר זעיר פנימי,181637,668478,תל אביב יפו
65,3/12/2023,2065701,סלקום,היתר הקמה,23083,בית שמש,ברחוב רבי יצחק נפחא במערב בית שמש,תורן קרקעי,196182,624109,בית שמש
66,3/12/2023,2065700,סלקום,היתר הקמה,22976,שומרון,חזון עובדיה במזרח ישוב עמנואל,תורן על הגג,213860,674083,עמנואל
67,13/03/2023,2065715,סלקום,היתר הקמה,22854,תל אביב - יפו,ברחוב יהודה בורלא 22 בתל אביב,עוקץ,180416,668287,תל אביב יפו
68,14/03/2023,2065740,פלאפון,היתר הקמה,314138,תל אביב יפו,דירת פנטהאוז בבניין מגורים רח' בורלא יהודה 22,עוקצים,180416,668285,תל אביב יפו
69,14/03/2023,2065743,פלאפון,היתר הקמה,354275,ראש העין,קיבוץ גלויות,תורן קרקעי,197257,666542,ראש העין
70,14/03/2023,2065741,פלאפון,היתר הקמה,344136,רמת גן,המעיין 3,פריסה פנימית,181331,665508,רמת גן
71,14/03/2023,2065727,PHI (משרת את הוט ופרטנר),היתר הקמה,EA2324F,בית שמש,נחל קישון בית שמש,קרקעי,199184,624361,בית שמש
72,19/03/2023,2065851,סלקום,היתר הקמה,23029,חורה,מבנה מרכז קהילתי ברחוב אל-חרם בחורה,תורן על הגג,194023,578556,חורה
73,20/03/2023,2065865,סלקום,היתר הקמה,4026,תל אביב,בפארק מנחם בגין מזרח בתל אביב,תורן קרקעי,181753,661094,תל אביב יפו
74,21/03/2023,2065853,פלאפון,היתר הקמה,216809,ירושלים,אלבאבא,עוקצים,225396,630807,גוש עציון
75,23/03/2023,2065944,PHI (משרת את הוט ופרטנר),היתר הקמה,JN1135D,ירושלים,הר חוצבים עמוד תאורה,קרקעי,219589,634648,ירושלים
76,23/03/2023,2065945,PHI (משרת את הוט ופרטנר),היתר הקמה,JN1259A,כמהין,גוזל,קרקעי,142223,532326,רמת הנגב
77,28/03/2023,2066049,פלאפון,היתר הקמה,220033,גזר,סמוך למחצבות נשר,תורן קרקעי,192157,646580,גזר
78,29/03/2023,2066151,PHI (משרת את הוט ופרטנר),היתר הקמה,EA2367E,רחלים - מדרשה,רחלים,קרקעי,224527,667796,רחלים
79,30/03/2023,2066109,סלקום,היתר הקמה,22989,אור יהודה,טרמינל סנטר אור יהודה (משטרת אור יהודה) רח`` יהדות קנדה 1 אור יהודה.,אתר זעיר פנימי,186894,658659,אור יהודה
80,30/03/2023,2066106,סלקום,היתר הקמה,22673,רמת גן,מגדל TIME TOWER ברח' המעיין 3 רמת גן.,אתר זעיר פנימי,181331,665508,רמת גן
81,30/03/2023,2066107,סלקום,היתר הקמה,22896,ירושלים,עמוד מצלמה עירוני ברחוב וינר אשר בירושלים,תורן קרקעי,221790,627707,ירושלים
82,30/03/2023,2066108,סלקום,היתר הקמה,22897,גוש עציון,בסמוך למגרש ספורט בישוב איבי נחל,תורן קרקעי,220771,612610,גוש עציון
83,4/2/2023,2066121,סלקום,היתר הקמה,23156,שטח ללא שיפוט,בסמוך לכיכר קוגל בין מקווה ישראל לחולון,תורן קרקעי,178861,659669,חולון
84,4/4/2023,2066132,פלאפון,היתר הקמה,216472,ירושלים,מתחם הר הרצל,עוקצים,216992,631383,ירושלים
85,16/04/2023,2066183,PHI (משרת את הוט ופרטנר),היתר הקמה,EI2385B,ירושלים,אצטדיון טדי ירושלים 4,פנימי,218240,629060,ירושלים
86,17/04/2023,2066221,PHI (משרת את הוט ופרטנר),היתר הקמה,WE3131B,נס ציונה,החרש,גג,181371,647922,נס ציונה
87,18/04/2023,2066260,פלאפון,היתר הקמה,631110,צפת,צומת עכברה,תורן קרקעי,246549,761425,צפת
88,18/04/2023,2066261,פלאפון,היתר הקמה,634157,מרום הגליל,"מבנה הישיבה סמוך לחפ""ק",עוקצים,241494,765183,מירון
89,19/04/2023,2066182,PHI (משרת את הוט ופרטנר),היתר הקמה,EI2384B,ירושלים,אצטדיון טדי ירושלים 3,פנימי,218240,629060,ירושלים
90,20/04/2023,2069295,פלאפון,היתר הקמה,740817,ירוחם,צבי ברונשטיין,תורן על מבנה,193094,544082,ירוחם
91,23/04/2023,2069336,סלקום,היתר הקמה,23048,שומרון,בישוב רחלים בסמוך למגרש ספורט,תורן קרקעי,224527,667796,רחלים
92,23/04/2023,2069335,סלקום,היתר הקמה,22884,מודיעין עילית,ברחוב שער המלךבמודיעין עילית,תורן קרקעי,204191,648856,מודיעין עילית
93,23/04/2023,2069334,סלקום,היתר הקמה,22662,בית שמש,אליהו הנביא בפארק האותיות בבית שמש,תורן קרקעי,198802,623289,בית שמש
94,27/04/2023,2069357,PHI (משרת את הוט ופרטנר),היתר הקמה,MN4549D,מג'ד אל-כרום,מג'ד אל-כרום,קרקעי,225048,757844,שגור
95,27/04/2023,2069293,פלאפון,היתר הקמה,654838,יוקנעם,הזית 6,ממסר פנימי,207113,724897,מגידו
96,30/04/2023,2069427,סלקום,היתר הקמה,23139,אשדוד,המלאכה 1 אשדוד,תורן על הגג ועוקץ,168841,636359,אשדוד
97,30/04/2023,2069356,PHI (משרת את הוט ופרטנר),היתר הקמה,CN4444,ציפורי,ציפורי,קרקעי,225027,738986,עמק יזרעאל
98,30/04/2023,2069400,PHI (משרת את הוט ופרטנר),היתר הקמה,EA2325F,בית שמש,רמת בית שמש ג קבוע,קרקעי,198802,623289,בית שמש
99,5/1/2023,2066299,PHI (משרת את הוט ופרטנר),היתר הקמה,SI5160C,אשדוד,מרכז שירות אורנג' אשדוד,פנימי,167373,635539,אשדוד
100,5/3/2023,2069443,PHI (משרת את הוט ופרטנר),היתר הקמה,COW6001,תל אביב,צומת בגין קפלן 2,קרקעי,180295,664276,תל אביב יפו
101,5/3/2023,2069469,פלאפון,היתר הקמה,216853,ירושלים,רח' וינר אשר,תורן קרקעי,221793,627707,ירושלים
102,5/8/2023,2069537,סלקום,היתר הקמה,22907,הר חברון,מגדל שמירה פילבוקס בצומת בין כביש 317 לכביש 3178,משתפלת,205921,586442,הר חברון
103,5/9/2023,2069560,סלקום,היתר הקמה,22896,ירושלים,עמוד מצלמה עירוני ברחוב וינר אשר בירושלים,תורן קרקעי,221790,627707,ירושלים
104,5/11/2023,2069596,סלקום,היתר הקמה,22645,ירושלים,ברחוב הרב שלום משאש בדרום-מזרח שכונת פסגת זאב בירושלים,תורן קרקעי,224602,636242,ירושלים
105,5/11/2023,2069595,סלקום,היתר הקמה,22013,חיפה,מלון לאונרדו חיפה,עוקץ,196288,745568,חיפה
106,14/05/2023,2069631,סלקום,היתר הקמה,23016,שפיר,בצמוד לכביש 40 בין צומת פלוגות לעוזה ובסמוך למאגר מים עוזה צפון,תורן קרקעי,176280,612926,שפיר
107,14/05/2023,2069629,סלקום,היתר הקמה,20592,הרצליה,צמרות 2 מרכז צמרות בהרצליה,אתר זעיר פנימי,185309,673190,הרצליה
108,14/05/2023,2069615,PHI (משרת את הוט ופרטנר),היתר הקמה,EA2196D,ירושלים,אבו טור,מתקן גישה,222049,630022,ירושלים
109,14/05/2023,2069619,PHI (משרת את הוט ופרטנר),היתר הקמה,COW6005,תל אביב,חניון רפידים,קרקעי,182621,668322,תל אביב יפו
110,15/05/2023,2069633,PHI (משרת את הוט ופרטנר),היתר הקמה,WE0944B,מודיעין,אולם ספורט מודיעין,גג,200210,645559,מודיעין מכבים רעות
111,15/05/2023,2069642,סלקום,היתר הקמה,23246,כרמיאל,במרכז שירות סלקום רח`` מעלה כמון 2 כרמיאל,אתר זעיר פנימי,230389,759070,כרמיאל
112,15/05/2023,2069641,סלקום,היתר הקמה,23049,רמלה,ברחוב דני מס' 15 רמלה,תורן על הגג,187712,648375,רמלה
113,16/05/2023,2069653,פלאפון,היתר הקמה,216770,ירושלים,הרטום,תורן קרקעי,220411,634306,ירושלים
114,22/05/2023,2069768,סלקום,היתר הקמה,23209,ירושלים,בית אבות מוזס בית לחם 52 ירושלים,עוקץ,221065,629848,ירושלים
115,23/05/2023,2069819,סלקום,היתר הקמה,22874,קרית עקרון,בילו סנטר בקרית עקרון,תורן על הגג,182766,641158,קרית עקרון
116,23/05/2023,2069818,סלקום,היתר הקמה,1781,תל אביב,בחלק מזרחי של פארק הירקון,תורן קרקעי,182930,667645,תל אביב יפו
117,29/05/2023,2069799,PHI (משרת את הוט ופרטנר),היתר הקמה,CW60066008,תל אביב,פארק הירקון,קרקעי,182853,667891,תל אביב יפו
118,29/05/2023,2069878,PHI (משרת את הוט ופרטנר),היתר הקמה,RN4757B,כפר החורש,יער כפר החורש,קרקעי,224060,734690,עמק יזרעאל
119,30/05/2023,2069908,סלקום,היתר הקמה,23251,שטח ללא שיפוט,בפארק אריאל שרון הממוקם מערבית לכביש 4 וצפונית לכביש 1,עוקץ,183014,660046,חסר מעמד
121,31/05/2023,2069913,PHI (משרת את הוט ופרטנר),היתר הקמה,JS1106D,ירושלים,צומת גולומב,קרקעי,217333,629330,ירושלים
122,31/05/2023,2069922,פלאפון,היתר הקמה,120161,עמנואל,רח' חזון עובדיה,תורן על מבנה,213859,674082,עמנואל
123,31/05/2023,2069923,פלאפון,היתר הקמה,120433,שומרון,רחלים,תורן קרקעי,224527,667796,רחלים
124,6/1/2023,2069945,PHI (משרת את הוט ופרטנר),היתר הקמה,EA2325G,בית שמש,רמת בית שמש ג פארק האותיות,קרקעי,198802,623289,בית שמש
125,6/4/2023,2070000,סלקום,היתר הקמה,66870,קרית אתא,חניון כיכר העירייה קרית אתא רח`` העצמאות 56 קרית אתא.,אתר זעיר פנימי,210121,745620,קרית אתא
126,6/4/2023,2069980,PHI (משרת את הוט ופרטנר),היתר הקמה,RN8128B,קרית אתא,חניון העירייה קריית אתא,פנימי,210121,745620,קרית אתא
127,6/6/2023,2070017,פלאפון,היתר הקמה,314139,תל אביב יפו,רח' חיים לבנון 2 מוזיאון הארץ  בניין פולקלור,עוקצים,180768,667577,תל אביב יפו
128,6/7/2023,2070032,סלקום,היתר הקמה,22589,יהוד,בסמוך לכביש 461 דרומית ליהוד-מונוסון,תורן קרקעי,190087,659240,יהוד מונוסון
129,6/7/2023,2070033,סלקום,היתר הקמה,22829,חריש,מזרחית לכביש 6 ודרומית לכביש 6353 חריש,תורן קרקעי,203760,708710,מנשה
130,13/06/2023,2070079,סלקום,היתר הקמה,23075,הר חברון,בסמוך ללולים צפונית לישוב כרמל,תורן קרקעי,218023,593691,הר חברון
131,14/06/2023,2070100,PHI (משרת את הוט ופרטנר),היתר הקמה,NS3847D,קלנסווה,קלנסווה מערב,גג,188384,688384,לב השרון
132,14/06/2023,2070167,פלאפון,היתר הקמה,360614,חולון,תחנת הרכבת יוספטל  על כביש 20,משתפלות,177653,658026,בת ים
133,19/06/2023,2070157,PHI (משרת את הוט ופרטנר),היתר הקמה,WE3324A,רחובות,בילו 2 רחובות,גג,181949,644608,רחובות
134,19/06/2023,2070156,PHI (משרת את הוט ופרטנר),היתר הקמה,TS0065G,קרית עקרון,קרית עקרון מתחם בילו סנטר,גג,182766,641158,קרית עקרון
135,20/06/2023,2070201,פלאפון,היתר הקמה,314139,תל אביב יפו,רח' חיים לבנון 2 מוזיאון הארץ  בניין פולקלור,עוקצים,180768,667577,תל אביב יפו
136,21/06/2023,2070195,PHI (משרת את הוט ופרטנר),היתר הקמה,CN4444,ציפורי,ציפורי,קרקעי,225027,738986,עמק יזרעאל
137,22/06/2023,2070242,PHI (משרת את הוט ופרטנר),היתר הקמה,NC0601F,עכו,עין המפרץ תורן סלקום,קרקעי,209873,758274,מטה אשר
138,25/06/2023,2070289,פלאפון,היתר הקמה,935784,טירה,מוסך סאלם   א.ת.,תורן קרקעי,198289,681544,טירה
139,25/06/2023,2070281,PHI (משרת את הוט ופרטנר),היתר הקמה,NC4270D,קרית ביאליק,מחלף כרי נעמן,קרקעי,209542,753252,מטה אשר
140,26/06/2023,2070305,סלקום,היתר הקמה,22681,באר שבע,"שכונת הרקפות ב""ש",תורן קרקעי,177583,576289,חסר מעמד
141,27/06/2023,2070308,סלקום,היתר הקמה,7184,ירושלים,אמות הר חוצבים קרית המדע 11 ירושלים,אתר זעיר פנימי,219919,634387,ירושלים
142,28/06/2023,2070317,PHI (משרת את הוט ופרטנר),היתר הקמה,SO1939E,דימונה,צומת רותם על תורן סלקום,קרקעי,208804,549601,תמר
144,28/06/2023,2070311,PHI (משרת את הוט ופרטנר),היתר הקמה,NE0462C,אום אל פחם,קניון אום אל פחם,גג,214780,714434,אום אל פחם
145,28/06/2023,2070321,PHI (משרת את הוט ופרטנר),היתר הקמה,WE6261D,ראש העין,תחנת שאיבה ז שתפ סלקום,קרקעי,197500,665007,ראש העין
147,7/2/2023,2070413,סלקום,היתר הקמה,22900,ראש העין,בסמוך לתחנת שאיבה פסגות אפק ראש העין,תורן קרקעי,197500,665007,ראש העין
148,7/4/2023,2070451,סלקום,היתר הקמה,23172,אשדוד,מבנה גן העיר ברחוב גדוד העיברי באשדוד,עוקץ,165859,633312,אשדוד
149,7/4/2023,2070450,סלקום,היתר הקמה,22927,באר שבע,מוסך קלדרון ברחוב צאלים 41 בבאר שבע,תורן על הגג,182606,570620,באר שבע
150,7/5/2023,2070460,פלאפון,היתר הקמה,216852,ירושלים,חנוך אלבק,תורן קרקעי,221419,629828,ירושלים
151,7/6/2023,2070509,PHI (משרת את הוט ופרטנר),היתר הקמה,WE0175B,הרצליה,נתיבי ישראל מחלף מעפילים,קרקעי,183782,676166,הרצליה
152,7/6/2023,2070508,PHI (משרת את הוט ופרטנר),היתר הקמה,TS0418D,יבנה,רב בריח יבנה,גג,175834,641407,יבנה
153,7/6/2023,2070504,PHI (משרת את הוט ופרטנר),היתר הקמה,NC4377B,רמת ישי,קידמת רמת ישי,גג,215159,734616,רמת ישי
154,7/6/2023,2070453,PHI (משרת את הוט ופרטנר),היתר הקמה,EI2162C,ירושלים,הקריה האקדמית אונו ירושלים,פנימי,220389,628482,ירושלים
155,7/6/2023,2070506,PHI (משרת את הוט ופרטנר),היתר הקמה,NN1767A,כפר זיתים,נבי שועייב,גג,242595,745775,הגליל התחתון
156,7/10/2023,2070554,PHI (משרת את הוט ופרטנר),היתר הקמה,RN8007B,נתניה,חניון נתן יונתן 2 נתניה,פנימי,185118,687184,נתניה
157,7/11/2023,2070561,סלקום,היתר הקמה,23245,נתניה,חניון נתן יונתן רח`` נתן יונתן 2+4+6 נתניה,אתר זעיר פנימי,185111,687153,נתניה
158,13/07/2023,2070612,פלאפון,היתר הקמה,925068,טירה,צפון מרכז טירה שאדי,עוקצים,195839,683393,טירה
159,13/07/2023,2070611,פלאפון,היתר הקמה,925030,נתניה,רח' הר ציון 6,תורן על מבנה,186461,692496,נתניה
160,13/07/2023,2070610,פלאפון,היתר הקמה,925009,טירה,טירה צפון מזרח,עוקצים,196751,682983,טירה
161,13/07/2023,2070591,פלאפון,היתר הקמה,220299,מטה יהודה,שער הגיא . נקרא גם שוב-3,פריסה פנימית,200334,639752,מטה בנימין
162,13/07/2023,2070613,פלאפון,היתר הקמה,925069,נתניה,נתן יונתן 4,פריסה פנימית,185111,687153,נתניה
163,16/07/2023,2070643,פלאפון,היתר הקמה,812577,לוד,בר כוכבא 2,תורן על מבנה,190440,651313,לוד
164,16/07/2023,2070637,פלאפון,היתר הקמה,131207,בית אל,"רח' מעגלי הרא""ה",תורן על מבנה,221063,650066,בית אל
165,16/07/2023,2070640,פלאפון,היתר הקמה,333038,תל אביב יפו,המסגר 35,פריסה פנימית,179883,663558,תל אביב יפו
166,17/07/2023,2070666,PHI (משרת את הוט ופרטנר),היתר הקמה,NN4721D,עכו,מקום בים עכו מאקרו,גג,206825,759277,עכו
167,25/07/2023,2070735,פלאפון,היתר הקמה,824231,אשדוד,אבות ישורון 4,עוקצים,166855,633822,אשדוד
169,26/07/2023,2070782,פלאפון,היתר הקמה,216870,ירושלים,מהנדס,פריסה פנימית,222232,634849,ירושלים
170,26/07/2023,2070804,סלקום,היתר הקמה,20005,ירושלים,מלון עץ הזית רח' סנט ג'ורג' 23 ירושלים.,אתר זעיר פנימי,221696,633007,ירושלים
171,30/07/2023,2070748,PHI (משרת את הוט ופרטנר),היתר הקמה,NE1811G,אום אל פחם,אום אל פאחם,גג,214031,715510,אום אל פחם
172,30/07/2023,2070756,PHI (משרת את הוט ופרטנר),היתר הקמה,WE3871E,פתח-תקווה,רמת ורבר,גג,188602,666056,פתח תקווה
173,30/07/2023,2070863,PHI (משרת את הוט ופרטנר),היתר הקמה,NC4270D,קרית ביאליק,מחלף כרי נעמן,קרקעי,209542,753252,מטה אשר
174,30/07/2023,2070752,PHI (משרת את הוט ופרטנר),היתר הקמה,NN1845A,אפיקים,קיבוץ אפיקים,קרקעי,205812,732929,דאלית אל כרמל עספיא
175,30/07/2023,2070751,PHI (משרת את הוט ופרטנר),היתר הקמה,NN1756A,בענה,בענה,גג,225570,759592,שגור
176,30/07/2023,2070742,PHI (משרת את הוט ופרטנר),היתר הקמה,EI2001D,ירושלים,מנהרות הגבעה הצרפתית ירושלים,פנימי,222232,634849,ירושלים
177,31/07/2023,2070928,סלקום,היתר הקמה,23187,ירושלים,במנהרות הגבעה הצרפתית: שתי מנהרות מציר יגאל ידין לכיוון מעלה אדומים ובחזרה שתי מנהרות לכיוון שכונת ,אתר זעיר פנימי,222232,634849,ירושלים
178,31/07/2023,2070916,PHI (משרת את הוט ופרטנר),היתר הקמה,WE3065D,רמת גן,בית אבות משען רמת אפעל,גג,184714,662135,רמת אפעל
179,31/07/2023,2070917,PHI (משרת את הוט ופרטנר),היתר הקמה,WE3499D,כפר סבא,תורן פלאפון נורדאו כפר סבא,קרקעי,192436,674927,הוד השרון
180,31/07/2023,2070914,PHI (משרת את הוט ופרטנר),היתר הקמה,NN1822C,אתר דרך,פארק תעשיה קדמת גליל,קרקעי,242982,743078,פארק תעשיות הגליל התחתון
181,8/2/2023,2070959,פלאפון,היתר הקמה,711731,בני שמעון,סילו  קיבוץ  דבירה,משתפלת,183442,591170,בני שמעון
182,8/6/2023,2071005,PHI (משרת את הוט ופרטנר),היתר הקמה,WE0238E,תל אביב-יפו,חניון רובינשטיין,גג,179603,663630,תל אביב יפו
183,8/9/2023,2071092,סלקום,היתר הקמה,22928,חבל מודיעין,צפונית למושב בני עטרות,תורן קרקעי,192123,659770,חבל מודיעין
184,8/10/2023,2071100,PHI (משרת את הוט ופרטנר),היתר הקמה,EA2031C,ירושלים,בית לחם 5,גג,221061,629850,ירושלים
185,8/10/2023,2071099,PHI (משרת את הוט ופרטנר),היתר הקמה,WE5447C,נס ציונה,בית עלמין נס ציונה,קרקעי,180777,646273,נס ציונה
186,8/10/2023,2071098,PHI (משרת את הוט ופרטנר),היתר הקמה,NC0909H,טירת כרמל,תעש חיפה פארק עופר שתפ סלקום,קרקעי,196323,743024,טירת כרמל
187,8/10/2023,2071097,PHI (משרת את הוט ופרטנר),היתר הקמה,JN2157C,ירושלים,פסגת זאב חניון אוטובוסים,קרקעי,223033,637873,ירושלים
189,13/08/2023,2071123,סלקום,היתר הקמה,22726,גוש עציון,מערבית לכביש 60 ודרומית לכביש 375     שדה בועז,תורן קרקעי,214427,623325,גוש עציון
190,14/08/2023,2071129,PHI (משרת את הוט ופרטנר),היתר הקמה,NC4733E,חיפה,בית אלפא קרית חיים,גג,248746,748746,מגדל
191,14/08/2023,2071134,PHI (משרת את הוט ופרטנר),היתר הקמה,WE0966C,גבעתיים,גבעתיים רמה,גג,182750,664400,גבעתיים
192,14/08/2023,2071125,PHI (משרת את הוט ופרטנר),היתר הקמה,EA2053E,ירושלים,בית אבות,גג,216913,629783,ירושלים
193,14/08/2023,2071128,PHI (משרת את הוט ופרטנר),היתר הקמה,NC4377B,רמת ישי,קידמת רמת ישי,גג,215159,734616,רמת ישי
194,15/08/2023,2071147,סלקום,היתר הקמה,23275,גוש עציון,מזרחית לכביש 60 ומזרחית לכרמי צור,תורן קרקעי,211068,612993,גוש עציון
195,15/08/2023,2071139,PHI (משרת את הוט ופרטנר),היתר הקמה,JC1059C,ירושלים,בית חולים הדסה שתפ פלאפון,גג,214285,630285,ירושלים
196,15/08/2023,2071146,סלקום,היתר הקמה,23033,גוש עציון,צומת ה-T גוש עציון בצומת כביש 356 וכביש 3157,תורן קרקעי,219296,616375,גוש עציון
197,16/08/2023,2071180,פלאפון,היתר הקמה,824325,אשדוד,בית האופרה רח' האורגים 25,תורן על מבנה,167431,635698,אשדוד
199,16/08/2023,2071179,פלאפון,היתר הקמה,820717,יבנה,קניון קנדי סנטר שדרות דוהני 46,תורן על מבנה,175945,641840,יבנה
200,16/08/2023,2071174,פלאפון,היתר הקמה,354387,קרית אונו,מכללת קרית אקדמית אונו רח' השדרה האקדמית 1,עוקצים,187348,660414,קרית אונו
201,17/08/2023,2071217,סלקום,היתר הקמה,22967,שטח ללא שיפוט,צפונית לכביש 557 ודרומית לישוב פלסטיני פרעון סמוך למחסום תאנים,תורן קרקעי,202410,687632,שטח ללא שיפוט
204,22/08/2023,2071291,PHI (משרת את הוט ופרטנר),היתר הקמה,NN4674C,רביד,ליד הלולים,קרקעי,244290,750630,חסר מעמד
205,22/08/2023,2071287,PHI (משרת את הוט ופרטנר),היתר הקמה,COW6008,תל אביב,פארק הירקון,קרקעי,182921,667644,תל אביב יפו
206,23/08/2023,2071111,פלאפון,היתר הקמה,711711,באר שבע,רח' דרך מבצע יואב,תורן על מבנה,178991,574554,באר שבע
207,23/08/2023,2071316,פלאפון,היתר הקמה,131665,מטה בנימין,רח' האופק אלון,תורן על מבנה,233564,637838,מטה בנימין
208,24/08/2023,2071367,סלקום,היתר הקמה,23088,משגב,באזור תעשיה מנוף,תורן קרקעי,222889,750651,משגב
209,28/08/2023,2071446,סלקום,היתר הקמה,23125,קריית אונו,המכללה האקדמית אונו קרייה אקדמית אונו,עוקץ,187348,660413,קרית אונו
210,29/08/2023,2071447,PHI (משרת את הוט ופרטנר),היתר הקמה,EA2034D,בית שמש,נפחא,קרקעי,196182,624109,בית שמש
211,29/08/2023,2071455,PHI (משרת את הוט ופרטנר),היתר הקמה,WE6261D,ראש העין,תחנת שאיבה ז שתפ סלקום,קרקעי,197500,665007,ראש העין
212,31/08/2023,2071505,סלקום,היתר הקמה,22894,רהט,עיריית רהט,תורן על הגג,176972,589391,רהט
213,31/08/2023,2071506,סלקום,היתר הקמה,23259,ירושלים,במתחם של  מנהרת שדרות שזר ירושלים,אתר זעיר פנימי,219416,632779,ירושלים
214,31/08/2023,2071496,PHI (משרת את הוט ופרטנר),היתר הקמה,JN1239A,אריאל,גבעת האנטנה אריאל,קרקעי,216132,666982,אריאל
215,9/3/2023,2071517,פלאפון,היתר הקמה,634017,גליל עליון,בניין הנדסה  מפעל פלסן   קיבוץ סאסא.,תורן על מבנה,237586,770369,סאסא
216,9/3/2023,2071529,סלקום,היתר הקמה,23174,באר שבע,עמוד תאורה צמוד למגרשי הטניס ברחוב משה מנדלסון  באר שבע,תורן קרקעי,179609,574068,באר שבע
217,9/3/2023,2071511,פלאפון,היתר הקמה,360320,חולון,רח' המנור 7,תורן על מבנה,181715,657107,חולון
218,9/4/2023,2071535,סלקום,היתר הקמה,23227,נתניה,עמיגור עין התכלת ברחוב השקד 50א בנתניה,עוקץ,186941,695460,נתניה
219,9/4/2023,2071534,סלקום,היתר הקמה,23218,חיפה,"עמוד חח""י צפונית למחלף גשר פז נהריים בחיפה",תורן קרקעי,202096,744993,חיפה
220,9/6/2023,2071556,PHI (משרת את הוט ופרטנר),היתר הקמה,WE3145E,תל אביב-יפו,בזק בורלא,גג,180489,668696,תל אביב יפו
221,9/6/2023,2071576,פלאפון,היתר הקמה,730056,כסייפה,כסיפה שכונה 30 בית מספר 74,עוקצים,208232,573213,כסיפה
222,9/10/2023,2071628,סלקום,היתר הקמה,22730,ירושלים,הספריה הלאומית רח`` דרך בלפור ירושלים,אתר זעיר פנימי,218732,631467,ירושלים
223,9/10/2023,2071630,סלקום,היתר הקמה,23281,ירושלים,במתחם של גטי`` רח`` קרית מדע 5 הר חוצבים ירושלים,אתר זעיר פנימי,219998,634203,ירושלים
224,9/10/2023,2071600,PHI (משרת את הוט ופרטנר),היתר הקמה,WE0993D,מודיעין עילית,מודיעין קניון עזריאלי,גג,200846,645248,מודיעין מכבים רעות
225,9/10/2023,2071599,PHI (משרת את הוט ופרטנר),היתר הקמה,WE0800F,איירפוטסיטי,איירפוטסיטי פ.ק. אלקטרה,גג,192044,655242,קרית שדה התעופה
226,9/10/2023,2071598,PHI (משרת את הוט ופרטנר),היתר הקמה,SO5412E,רחובות,בריכת המים כפר גבירול,גג,179098,644925,רחובות
227,9/10/2023,2071610,פלאפון,היתר הקמה,914103,גסר אזרקא,בניין מגורים רח' אל בחר פינת רח' אלקודס  כפר ג'יסר א זרקא,עוקצים,191525,715851,ג'סר א זרקא
228,9/10/2023,2071629,סלקום,היתר הקמה,23274,גוש עציון,פילבוקס מזרחית לכביש 398 ומחסום מזמוריא,עוקץ,223648,625085,גוש עציון
229,9/11/2023,2071631,PHI (משרת את הוט ופרטנר),היתר הקמה,WE6496B,ראש העין,לרחוב קיבוץ גלויות,קרקעי,197358,667659,ראש העין
230,13/09/2023,2071647,סלקום,היתר הקמה,1781,תל אביב,בחלק מזרחי של פארק הירקון,תורן קרקעי,182930,667645,תל אביב יפו
231,14/09/2023,2071657,PHI (משרת את הוט ופרטנר),היתר הקמה,EA2053E,ירושלים,בית אבות,גג,216913,629783,ירושלים
232,18/09/2023,2071690,פלאפון,היתר הקמה,314076,תל אביב,גני יהושעה פארק הירקון,תורן קרקעי,182907,667667,תל אביב יפו
233,18/09/2023,2071709,סלקום,היתר הקמה,23183,כפר קאסם,ברחוב בילאל במערב כפר קאסם,עוקץ,197269,669387,כפר קאסם
234,21/09/2023,2071731,PHI (משרת את הוט ופרטנר),היתר הקמה,SO5942A,קרית גת,כרמי גת בסמוך לכביש 40,קרקעי,177838,615569,קרית גת
235,21/09/2023,2071740,פלאפון,היתר הקמה,812577,לוד,בר כוכבא 2,תורן על מבנה,190440,651313,לוד
236,21/09/2023,2071730,PHI (משרת את הוט ופרטנר),היתר הקמה,SO5341C,אשדוד,גן העיר אשדוד,גג,165859,633312,אשדוד
237,21/09/2023,2071752,סלקום,היתר הקמה,23082,מודיעין מכבים -רעות,אולם ספורט עמק זבולון במודיעין,תורן על הגג,200210,645559,מודיעין מכבים רעות
238,26/09/2023,2071766,סלקום,היתר הקמה,22977,ראשון לציון,בשטח סופרלנד בראשון לציון,תורן קרקעי,176038,653979,ראשון לציון
239,26/09/2023,2071753,PHI (משרת את הוט ופרטנר),היתר הקמה,NO4272A,כפר מסריק,אפק בריכות דגים,קרקעי,210705,751745,מטה אשר
240,27/09/2023,2071776,PHI (משרת את הוט ופרטנר),היתר הקמה,WE3549H,תל אביב-יפו,מיומנה,גג,176617,662282,תל אביב יפו
241,27/09/2023,2071775,PHI (משרת את הוט ופרטנר),היתר הקמה,WE3324B,רחובות,קניון רחובות,גג,181949,644608,רחובות
242,27/09/2023,2071768,PHI (משרת את הוט ופרטנר),היתר הקמה,WE3703A,תל אביב,"בניין הבימה שד' תרס""ט 2",גג,179292,664487,תל אביב יפו
243,27/09/2023,2071770,PHI (משרת את הוט ופרטנר),היתר הקמה,WI0742A,רמלה,בניין תעבורה,פנימי,189518,648707,רמלה
244,27/09/2023,2071774,PHI (משרת את הוט ופרטנר),היתר הקמה,SO5674B,גן יבנה,קניון גן יבנה,גג,172146,633703,גן יבנה
245,27/09/2023,2071769,PHI (משרת את הוט ופרטנר),היתר הקמה,WE3704A,תל אביב,"בניין הבימה שד' תרס""",גג,179292,664487,תל אביב יפו
246,27/09/2023,2071777,PHI (משרת את הוט ופרטנר),היתר הקמה,WE3783A,רמת גן,רמת גן רזיאל,גג,183344,662522,רמת גן
247,10/8/2023,2071836,PHI (משרת את הוט ופרטנר),היתר הקמה,WE3705C,רעננה,בית המילניום,גג,189316,677682,רעננה
248,10/8/2023,2071849,פלאפון,היתר הקמה,630711,דיר אל אסד,על בניין מגורים,עוקצים,225570,759592,שגור
249,10/8/2023,2071855,פלאפון,היתר הקמה,930664,אלפי מנשה,סמוך לשכונת גבעת טל,תורן קרקעי,202773,674803,אלפי מנשה
250,10/8/2023,2071834,PHI (משרת את הוט ופרטנר),היתר הקמה,NN1765A,עברון,עברון,קרקעי,210279,766234,מטה אשר
251,10/8/2023,2071833,PHI (משרת את הוט ופרטנר),היתר הקמה,NN1754A,מנוף,מנוף תורן סלקום,קרקעי,222889,750651,משגב
252,10/9/2023,2071881,סלקום,היתר הקמה,22890,רחובות,"קניון רחובות ברחוב ביל""ו 2 ברחובות",תורן על הגג ועוקץ,181949,644608,רחובות
253,15/10/2023,2071927,סלקום,היתר הקמה,22150,נצרת עלית,בזק הר יונה סמוך לרחוב מעלה יצחק נצרת עילית,תורן קרקעי,232262,736893,נצרת עילית
254,15/10/2023,2071906,PHI (משרת את הוט ופרטנר),היתר הקמה,EA2323H,בית שמש,בית שמש,גג,199919,624583,בית שמש
255,16/10/2023,2071931,PHI (משרת את הוט ופרטנר),היתר הקמה,SO5998A,דימונה,צומת ערוער,קרקעי,198319,562110,חסר מעמד
256,16/10/2023,2071929,PHI (משרת את הוט ופרטנר),היתר הקמה,EA2014D,ירושלים,עמוד תאורה ארנונה צפון,קרקעי,221790,627707,ירושלים
257,16/10/2023,2071930,PHI (משרת את הוט ופרטנר),היתר הקמה,EA2055D,ירושלים,פסגת זאב מזרח,קרקעי,224601,636244,ירושלים
258,18/10/2023,2071956,PHI (משרת את הוט ופרטנר),היתר הקמה,WI6361C,קרית אונו,הקריה האקדמית אונו בקרית אונו,פנימי,187389,660404,קרית אונו
259,18/10/2023,2071951,PHI (משרת את הוט ופרטנר),היתר הקמה,NC0517E,חיפה,מוריה 107,גג,199082,743915,חיפה
260,18/10/2023,2071955,PHI (משרת את הוט ופרטנר),היתר הקמה,CW3633,רמלה,פיקוד העורף רמלה,קרקעי,188625,647241,גזר
261,18/10/2023,2071950,PHI (משרת את הוט ופרטנר),היתר הקמה,JS1305E,באר שבע,מרכז הטניס באר שבע,קרקעי,179610,574068,באר שבע
262,22/10/2023,2071996,סלקום,היתר הקמה,22216,שפיר,שטח חקלאי מערבית לכביש 40 ולשכונת כרמי גת,תורן קרקעי,177838,615569,קרית גת
264,22/10/2023,2071974,PHI (משרת את הוט ופרטנר),היתר הקמה,EA2341D,אביעזר,אביעזר מחצבות שפיר,גג,204651,621035,מטה יהודה
265,22/10/2023,2071980,פלאפון,היתר הקמה,814270,ראשון לציון,כתובת: היוזמה 2,פריסה פנימית,178519,650832,ראשון לציון
267,24/10/2023,2072009,PHI (משרת את הוט ופרטנר),היתר הקמה,EI2073B,ירושלים,ביהח הדסה הר הצופים,גג,223082,633863,ירושלים
268,24/10/2023,2072006,PHI (משרת את הוט ופרטנר),היתר הקמה,SO5961A,באר שבע,אמפיפארק באר שבע,קרקעי,181417,571433,באר שבע
269,24/10/2023,2072010,PHI (משרת את הוט ופרטנר),היתר הקמה,NS4736D,חריש,רחוב גפן 78,גג,204133,707229,קציר חריש
270,24/10/2023,2072007,PHI (משרת את הוט ופרטנר),היתר הקמה,SO5962A,באר שבע,פארק הנחל באר שבע,קרקעי,183824,572138,באר שבע
271,25/10/2023,2072027,פלאפון,היתר הקמה,540587,רמת גן,"בית הורים ע""ש אניטה מילר ברחוב רזיאל 28",עוקצים,183379,662523,רמת גן
272,25/10/2023,2072039,סלקום,היתר הקמה,23141,יזרעאל,בסמוך לבית העלמין אלוני אבא,תורן קרקעי,217042,737573,עמק יזרעאל
273,26/10/2023,2072047,סלקום,היתר הקמה,22772,רמת גן,בניין גרטנר קרית מדע 5 בית חולים תל השומר רמת גן,אתר זעיר פנימי,185438,661785,רמת גן
274,29/10/2023,2072074,פלאפון,היתר הקמה,634213,עראבה,רח' באב אל עאמוד  על גג עיריית העראבה,תורן על מבנה,231175,751432,עראבה
275,29/10/2023,2071909,PHI (משרת את הוט ופרטנר),היתר הקמה,WE0966C,גבעתיים,גבעתיים רמה,גג,182750,664400,גבעתיים
276,30/10/2023,2072099,סלקום,היתר הקמה,23319,אשכול,סילו בישוב גבולות,עוקץ,149213,569077,אשכול
277,30/10/2023,2072098,סלקום,היתר הקמה,6951,כפר תבור,מבנה מול תבור ברחוב בזלת 2 בכפר תבור,עוקץ,239605,733204,כפר תבור
279,31/10/2023,2072090,PHI (משרת את הוט ופרטנר),היתר הקמה,SO5478I,אילת,פארק הקרח אילת,גג,196314,385169,אילת
280,31/10/2023,2072089,PHI (משרת את הוט ופרטנר),היתר הקמה,EA2115F,ירושלים,בית אבות נופים,גג,216267,629954,ירושלים
281,31/10/2023,2072091,PHI (משרת את הוט ופרטנר),היתר הקמה,SO5666C,ירוחם,עיר הבהדים על תורן פלאפון,קרקעי,185911,552137,רמת הנגב
283,31/10/2023,2072111,PHI (משרת את הוט ופרטנר),היתר הקמה,EA2319B,ירושלים,שכונת נווה יעקב,גג,222429,638628,ירושלים
285,11/1/2023,2072153,פלאפון,היתר הקמה,420865,דלית אל כרמל,צפון דליית אל כרמל,עוקצים,205878,734245,דאלית אל כרמל עספיא
287,11/2/2023,2072190,PHI (משרת את הוט ופרטנר),היתר הקמה,SO5974B,מצפה רמון,רמון,קרקעי,168679,519499,רמת הנגב
289,11/5/2023,2072215,סלקום,היתר הקמה,23001,אור יהודה,בסמוך לרחוב כנרת באור יהודה,תורן קרקעי,185114,659440,אור יהודה
290,11/5/2023,2072194,PHI (משרת את הוט ופרטנר),היתר הקמה,WE3633D,רמלה,פיקוד העורף רמלה,גג,188559,647126,גזר
291,11/5/2023,2072195,פלאפון,היתר הקמה,132873,מעברים יבשתיים,מעבר חשמונאים,תורן על מבנה,203237,649669,מטה בנימין
292,11/5/2023,2072216,סלקום,היתר הקמה,23181,כפר קאסם,מבנה בשכונת הבדואים בסמוך לרחוב אבן תיימיה בכפר קאסם,עוקץ,198403,668624,כפר קאסם
293,11/5/2023,2072193,PHI (משרת את הוט ופרטנר),היתר הקמה,NN0644A,עמיר,עמיר תורן סלקום,קרקעי,258725,786406,הגליל העליון
294,11/5/2023,2072214,סלקום,היתר הקמה,22615,קרית מוצקין,חי פארקפארק עירוני בקרית מוצקין,תורן קרקעי,207789,750199,קרית מוצקין
295,11/6/2023,2072221,PHI (משרת את הוט ופרטנר),היתר הקמה,WE3979C,ראשון לציון,צריפין  בניין משא,גג,184580,652757,ראשון לציון
296,11/7/2023,2072244,סלקום,היתר הקמה,21067,רעננה,הייטק פארק רעננה רחוב זרחין 13.,אתר זעיר פנימי,189070,678270,רעננה
297,11/7/2023,2072231,PHI (משרת את הוט ופרטנר),היתר הקמה,WE0780E,רמת גן,בית הרופאים,גג,185885,662204,רמת גן
300,11/8/2023,2072260,פלאפון,היתר הקמה,360386,חולון,רחוב הדר 15,עוקצים,177994,659642,חולון
301,11/8/2023,2072255,פלאפון,היתר הקמה,160506,הר חברון,על כביש 356 בכיכר בית חגי מזרח בין פני חבר,תורן קרקעי,212672,601348,הר חברון
302,11/8/2023,2072233,PHI (משרת את הוט ופרטנר),היתר הקמה,WI6366B,פתח-תקווה,בית חולים בלינסון,פנימי,187704,666249,פתח תקווה
303,11/8/2023,2072259,פלאפון,היתר הקמה,354417,אלעד,רחוב שמעיה 14א',עוקצים,194980,662157,אלעד
305,11/9/2023,2072277,PHI (משרת את הוט ופרטנר),היתר הקמה,NN4139E,דיר אל-אסד,מוסך,גג,226183,758954,שגור
306,11/9/2023,2072280,PHI (משרת את הוט ופרטנר),היתר הקמה,WE6132C,ראש העין,סקייט פארק,קרקעי,197257,666542,ראש העין
308,11/12/2023,2072304,פלאפון,היתר הקמה,330857,תל אביב יפו,"תש""ח 2",תורן על מבנה,180058,665785,תל אביב יפו
309,11/12/2023,2072320,סלקום,היתר הקמה,23294,מודיעין-מכבים-רעות,בהצתלבות רחובות יצחק שמיר וחיים הרצוג מודיעין,תורן קרקעי,198249,645565,מודיעין מכבים רעות
311,11/12/2023,2072303,פלאפון,היתר הקמה,216841,מטה יהודה,בשטחים חקלאיים 120 מ צפונית מזרחית לתורן הנוכחי,תורן קרקעי,210604,635772,מטה יהודה
312,11/12/2023,2072319,סלקום,היתר הקמה,23293,מודיעין-מכבים-רעות,בהצתלבות רחובות חיים ויצמן ויצחק נבון מודיעין,תורן קרקעי,199112,645608,מודיעין מכבים רעות
313,11/12/2023,2072290,PHI (משרת את הוט ופרטנר),היתר הקמה,NC0504H,חיפה,הנביאים 32 חיפה,גג,199765,746382,חיפה
